[{"id": 1,"name": "John Deo","class": "Four","mark": 75,"gender": "female"}, {"id": 2,"name": "Max Ruin","class": "Three","mark": 85,"gender": "male"}, {"id": 3,"name": "Arnold","class": "Three","mark": 55,"gender": "male"}, {"id": 4,"name": "Krish Star","class": "Four","mark": 60,"gender": "female"}, {"id": 5,"name": "John Mike","class": "Four","mark": 60,"gender": "female"}, {"id": 6,"name": "Alex John","class": "Four","mark": 55,"gender": "male"}, {"id": 7,"name": "My John Rob","class": "Fifth","mark": 78,"gender": "male"}, {"id": 8,"name": "Asruid","class": "Five","mark": 85,"gender": "male"}, {"id": 9,"name": "Tes Qry","class": "Six","mark": 78,"gender": "male"}, {"id": 10,"name": "Big John","class": "Four","mark": 55,"gender": "female"}, {"id": 11,"name": "Ronald","class": "Six","mark": 89,"gender": "female"}, {"id": 12,"name": "Recky","class": "Six","mark": 94,"gender": "female"}, {"id": 13,"name": "Kty","class": "Seven","mark": 88,"gender": "female"}, {"id": 14,"name": "Bigy","class": "Seven","mark": 88,"gender": "female"}, {"id": 15,"name": "Tade Row","class": "Four","mark": 88,"gender": "male"}, {"id": 16,"name": "Gimmy","class": "Four","mark": 88,"gender": "male"}, {"id": 17,"name": "Tumyu","class": "Six","mark": 54,"gender": "male"}, {"id": 18,"name": "Honny","class": "Five","mark": 75,"gender": "male"}, {"id": 19,"name": "Tinny","class": "Nine","mark": 18,"gender": "male"}, {"id": 20,"name": "Jackly","class": "Nine","mark": 65,"gender": "female"}, {"id": 21,"name": "Babby John","class": "Four","mark": 69,"gender": "female"}, {"id": 22,"name": "Reggid","class": "Seven","mark": 55,"gender": "female"}, {"id": 23,"name": "Herod","class": "Eight","mark": 79,"gender": "male"}, {"id": 24,"name": "Tiddy Now","class": "Seven","mark": 78,"gender": "male"}, {"id": 25,"name": "Giff Tow","class": "Six","mark": 88,"gender": "male"}, {"id": 26,"name": "Crelea","class": "Seven","mark": 79,"gender": "male"}, {"id": 27,"name": "Big Nose","class": "Three","mark": 81,"gender": "female"}, {"id": 28,"name": "Rojj Base","class": "Seven","mark": 86,"gender": "female"}, {"id": 29,"name": "Tess Played","class": "Seven","mark": 55,"gender": "male"}, {"id": 30,"name": "Reppy Red","class": "Six","mark": 79,"gender": "female"}, {"id": 31,"name": "Marry Toeey","class": "Four","mark": 88,"gender": "male"}, {"id": 32,"name": "Binn Rott","class": "Seven","mark": 90,"gender": "female"}, {"id": 33,"name": "Kenn Rein","class": "Six","mark": 96,"gender": "female"}, {"id": 34,"name": "Gain Toe","class": "Seven","mark": 69,"gender": "male"}, {"id": 35,"name": "Rows Noump","class": "Six","mark": 88,"gender": "female"}]